Id,SalePrice
1461,117451.41573033707
1462,134821.18333333332
1463,176004.80487804877
1464,176004.80487804877
1465,176004.80487804877
1466,176004.80487804877
1467,176004.80487804877
1468,176004.80487804877
1469,176004.80487804877
1470,141958.45238095237
1471,230854.55
1472,89195.11111111111
1473,125102.7
1474,156550.50505050505
1475,125102.7
1476,363889.3333333333
1477,287148.28571428574
1478,321961.0
1479,326774.8214285714
1480,443311.75
1481,398477.0
1482,203490.42372881356
1483,176004.80487804877
1484,176004.80487804877
1485,162944.74509803922
1486,176004.80487804877
1487,284710.3333333333
1488,264916.0961538461
1489,202975.65789473685
1490,230854.55
1491,176004.80487804877
1492,117451.41573033707
1493,156550.50505050505
1494,264916.0961538461
1495,326774.8214285714
1496,230854.55
1497,202975.65789473685
1498,162944.74509803922
1499,162944.74509803922
1500,162944.74509803922
1501,176004.80487804877
1502,125102.7
1503,382451.0
1504,203490.42372881356
1505,203490.42372881356
1506,171375.0
1507,171375.0
1508,209409.375
1509,134821.18333333332
1510,134821.18333333332
1511,134821.18333333332
1512,171375.0
1513,134821.18333333332
1514,143700.0
1515,236607.14285714287
1516,156550.50505050505
1517,126156.9587628866
1518,143700.0
1519,230854.55
1520,134821.18333333332
1521,134821.18333333332
1522,156550.50505050505
1523,117451.41573033707
1524,126156.9587628866
1525,117451.41573033707
1526,126156.9587628866
1527,125102.7
1528,126156.9587628866
1529,134821.18333333332
1530,185038.23529411765
1531,156550.50505050505
1532,126156.9587628866
1533,185038.23529411765
1534,117451.41573033707
1535,185038.23529411765
1536,134821.18333333332
1537,89195.11111111111
1538,162287.8205128205
1539,162287.8205128205
1540,143700.0
1541,141958.45238095237
1542,134821.18333333332
1543,234968.22641509434
1544,89195.11111111111
1545,126156.9587628866
1546,141958.45238095237
1547,156550.50505050505
1548,126156.9587628866
1549,125102.7
1550,156550.50505050505
1551,126156.9587628866
1552,156550.50505050505
1553,162287.8205128205
1554,126156.9587628866
1555,209409.375
1556,126156.9587628866
1557,134821.18333333332
1558,89195.11111111111
1559,134821.18333333332
1560,162287.8205128205
1561,143700.0
1562,126156.9587628866
1563,126156.9587628866
1564,156550.50505050505
1565,141958.45238095237
1566,232885.55555555556
1567,89195.11111111111
1568,209409.375
1569,156550.50505050505
1570,126156.9587628866
1571,117451.41573033707
1572,162287.8205128205
1573,249305.7142857143
1574,134821.18333333332
1575,230854.55
1576,249933.0
1577,202975.65789473685
1578,141958.45238095237
1579,141958.45238095237
1580,176004.80487804877
1581,126156.9587628866
1582,141958.45238095237
1583,329466.6666666667
1584,234968.22641509434
1585,141958.45238095237
1586,89195.11111111111
1587,89195.11111111111
1588,134821.18333333332
1589,117451.41573033707
1590,126156.9587628866
1591,117451.41573033707
1592,156550.50505050505
1593,141958.45238095237
1594,134821.18333333332
1595,156550.50505050505
1596,234968.22641509434
1597,143700.0
1598,162944.74509803922
1599,141958.45238095237
1600,176004.80487804877
1601,89195.11111111111
1602,117451.41573033707
1603,117451.41573033707
1604,264916.0961538461
1605,249933.0
1606,162287.8205128205
1607,143700.0
1608,202975.65789473685
1609,176004.80487804877
1610,162944.74509803922
1611,156550.50505050505
1612,203490.42372881356
1613,249933.0
1614,126156.9587628866
1615,89195.11111111111
1616,89195.11111111111
1617,89195.11111111111
1618,117451.41573033707
1619,125102.7
1620,143700.0
1621,141958.45238095237
1622,134821.18333333332
1623,264916.0961538461
1624,230854.55
1625,117451.41573033707
1626,156550.50505050505
1627,176004.80487804877
1628,264916.0961538461
1629,162944.74509803922
1630,290000.0
1631,203490.42372881356
1632,264916.0961538461
1633,162944.74509803922
1634,176004.80487804877
1635,162944.74509803922
1636,176004.80487804877
1637,171375.0
1638,156550.50505050505
1639,171375.0
1640,234968.22641509434
1641,156550.50505050505
1642,230854.55
1643,203490.42372881356
1644,203490.42372881356
1645,236607.14285714287
1646,162944.74509803922
1647,156550.50505050505
1648,134821.18333333332
1649,126156.9587628866
1650,141958.45238095237
1651,117451.41573033707
1652,89195.11111111111
1653,89195.11111111111
1654,156550.50505050505
1655,162944.74509803922
1656,156550.50505050505
1657,156550.50505050505
1658,156550.50505050505
1659,125102.7
1660,141958.45238095237
1661,443311.75
1662,443311.75
1663,443311.75
1664,443311.75
1665,321961.0
1666,264916.0961538461
1667,398477.0
1668,321961.0
1669,321961.0
1670,321961.0
1671,311893.45454545453
1672,443311.75
1673,264916.0961538461
1674,264916.0961538461
1675,203490.42372881356
1676,202975.65789473685
1677,203490.42372881356
1678,443311.75
1679,398477.0
1680,326774.8214285714
1681,203490.42372881356
1682,264916.0961538461
1683,203490.42372881356
1684,162944.74509803922
1685,162944.74509803922
1686,176004.80487804877
1687,162944.74509803922
1688,176004.80487804877
1689,176004.80487804877
1690,176004.80487804877
1691,162944.74509803922
1692,230854.55
1693,162944.74509803922
1694,176004.80487804877
1695,162944.74509803922
1696,234968.22641509434
1697,162944.74509803922
1698,329466.6666666667
1699,398477.0
1700,234968.22641509434
1701,264916.0961538461
1702,287148.28571428574
1703,287148.28571428574
1704,264916.0961538461
1705,203490.42372881356
1706,443311.75
1707,203490.42372881356
1708,203490.42372881356
1709,321961.0
1710,249933.0
1711,249933.0
1712,326774.8214285714
1713,249305.7142857143
1714,234968.22641509434
1715,202975.65789473685
1716,202975.65789473685
1717,176004.80487804877
1718,176004.80487804877
1719,176004.80487804877
1720,264916.0961538461
1721,141958.45238095237
1722,126156.9587628866
1723,162944.74509803922
1724,249933.0
1725,234968.22641509434
1726,176004.80487804877
1727,202975.65789473685
1728,176004.80487804877
1729,162944.74509803922
1730,141958.45238095237
1731,141958.45238095237
1732,141958.45238095237
1733,117451.41573033707
1734,126156.9587628866
1735,126156.9587628866
1736,126156.9587628866
1737,329466.6666666667
1738,230854.55
1739,234968.22641509434
1740,171375.0
1741,202975.65789473685
1742,176004.80487804877
1743,162944.74509803922
1744,382451.0
1745,234968.22641509434
1746,156550.50505050505
1747,156550.50505050505
1748,236607.14285714287
1749,156550.50505050505
1750,134821.18333333332
1751,234968.22641509434
1752,126156.9587628866
1753,171375.0
1754,234968.22641509434
1755,156550.50505050505
1756,141958.45238095237
1757,117451.41573033707
1758,156550.50505050505
1759,156550.50505050505
1760,156550.50505050505
1761,156550.50505050505
1762,156550.50505050505
1763,156550.50505050505
1764,126156.9587628866
1765,171375.0
1766,156550.50505050505
1767,236607.14285714287
1768,162287.8205128205
1769,156550.50505050505
1770,126156.9587628866
1771,134821.18333333332
1772,134821.18333333332
1773,156550.50505050505
1774,143700.0
1775,126156.9587628866
1776,117451.41573033707
1777,89195.11111111111
1778,126156.9587628866
1779,89195.11111111111
1780,162944.74509803922
1781,134821.18333333332
1782,89195.11111111111
1783,162944.74509803922
1784,89195.11111111111
1785,117451.41573033707
1786,156550.50505050505
1787,162287.8205128205
1788,89195.11111111111
1789,125102.7
1790,89195.11111111111
1791,143700.0
1792,185038.23529411765
1793,141958.45238095237
1794,141958.45238095237
1795,117451.41573033707
1796,89195.11111111111
1797,117451.41573033707
1798,117451.41573033707
1799,89195.11111111111
1800,126156.9587628866
1801,162287.8205128205
1802,117451.41573033707
1803,134821.18333333332
1804,141958.45238095237
1805,126156.9587628866
1806,162287.8205128205
1807,134821.18333333332
1808,89195.11111111111
1809,126156.9587628866
1810,156550.50505050505
1811,134821.18333333332
1812,134821.18333333332
1813,126156.9587628866
1814,117451.41573033707
1815,89195.11111111111
1816,89195.11111111111
1817,141958.45238095237
1818,185038.23529411765
1819,126156.9587628866
1820,89195.11111111111
1821,117451.41573033707
1822,162287.8205128205
1823,89195.11111111111
1824,156550.50505050505
1825,126156.9587628866
1826,89195.11111111111
1827,117451.41573033707
1828,156550.50505050505
1829,141958.45238095237
1830,134821.18333333332
1831,162287.8205128205
1832,143700.0
1833,134821.18333333332
1834,117451.41573033707
1835,134821.18333333332
1836,134821.18333333332
1837,126156.9587628866
1838,126156.9587628866
1839,89195.11111111111
1840,176004.80487804877
1841,134821.18333333332
1842,126156.9587628866
1843,126156.9587628866
1844,125102.7
1845,126156.9587628866
1846,156550.50505050505
1847,156550.50505050505
1848,89195.11111111111
1849,125102.7
1850,126156.9587628866
1851,162287.8205128205
1852,126156.9587628866
1853,126156.9587628866
1854,162944.74509803922
1855,141958.45238095237
1856,203490.42372881356
1857,117451.41573033707
1858,141958.45238095237
1859,125102.7
1860,202975.65789473685
1861,125102.7
1862,234968.22641509434
1863,234968.22641509434
1864,234968.22641509434
1865,321961.0
1866,321961.0
1867,249933.0
1868,326774.8214285714
1869,202975.65789473685
1870,202975.65789473685
1871,249933.0
1872,162944.74509803922
1873,234968.22641509434
1874,126156.9587628866
1875,203490.42372881356
1876,230854.55
1877,230854.55
1878,203490.42372881356
1879,117451.41573033707
1880,141958.45238095237
1881,311893.45454545453
1882,264916.0961538461
1883,202975.65789473685
1884,203490.42372881356
1885,230854.55
1886,326774.8214285714
1887,230854.55
1888,264916.0961538461
1889,162944.74509803922
1890,126156.9587628866
1891,125102.7
1892,117451.41573033707
1893,134821.18333333332
1894,143700.0
1895,156550.50505050505
1896,117451.41573033707
1897,126156.9587628866
1898,126156.9587628866
1899,117451.41573033707
1900,117451.41573033707
1901,156550.50505050505
1902,134821.18333333332
1903,234968.22641509434
1904,126156.9587628866
1905,209409.375
1906,162287.8205128205
1907,209409.375
1908,125102.7
1909,162944.74509803922
1910,141958.45238095237
1911,176004.80487804877
1912,234968.22641509434
1913,134821.18333333332
1914,89195.11111111111
1915,382451.0
1916,125102.7
1917,264916.0961538461
1918,126156.9587628866
1919,162287.8205128205
1920,171375.0
1921,443311.75
1922,321961.0
1923,230854.55
1924,234968.22641509434
1925,203490.42372881356
1926,443311.75
1927,117451.41573033707
1928,156550.50505050505
1929,125102.7
1930,125102.7
1931,141958.45238095237
1932,141958.45238095237
1933,162287.8205128205
1934,176004.80487804877
1935,162944.74509803922
1936,176004.80487804877
1937,176004.80487804877
1938,203490.42372881356
1939,264916.0961538461
1940,176004.80487804877
1941,176004.80487804877
1942,176004.80487804877
1943,176004.80487804877
1944,326774.8214285714
1945,326774.8214285714
1946,209409.375
1947,321961.0
1948,156550.50505050505
1949,249305.7142857143
1950,202975.65789473685
1951,249305.7142857143
1952,234968.22641509434
1953,156550.50505050505
1954,203490.42372881356
1955,141958.45238095237
1956,249305.7142857143
1957,156550.50505050505
1958,264916.0961538461
1959,134821.18333333332
1960,117451.41573033707
1961,141958.45238095237
1962,89195.11111111111
1963,125102.7
1964,126156.9587628866
1965,134821.18333333332
1966,141958.45238095237
1967,264916.0961538461
1968,398477.0
1969,443311.75
1970,443311.75
1971,443311.75
1972,326774.8214285714
1973,264916.0961538461
1974,264916.0961538461
1975,443311.75
1976,264916.0961538461
1977,284710.3333333333
1978,398477.0
1979,326774.8214285714
1980,203490.42372881356
1981,326774.8214285714
1982,202975.65789473685
1983,202975.65789473685
1984,176004.80487804877
1985,230854.55
1986,230854.55
1987,176004.80487804877
1988,176004.80487804877
1989,176004.80487804877
1990,203490.42372881356
1991,203490.42372881356
1992,203490.42372881356
1993,162944.74509803922
1994,234968.22641509434
1995,176004.80487804877
1996,264916.0961538461
1997,326774.8214285714
1998,329466.6666666667
1999,234968.22641509434
2000,326774.8214285714
2001,234968.22641509434
2002,249305.7142857143
2003,264916.0961538461
2004,249933.0
2005,203490.42372881356
2006,203490.42372881356
2007,264916.0961538461
2008,176004.80487804877
2009,202975.65789473685
2010,176004.80487804877
2011,176004.80487804877
2012,176004.80487804877
2013,176004.80487804877
2014,176004.80487804877
2015,176004.80487804877
2016,202975.65789473685
2017,176004.80487804877
2018,126156.9587628866
2019,126156.9587628866
2020,126156.9587628866
2021,117451.41573033707
2022,156550.50505050505
2023,156550.50505050505
2024,171375.0
2025,443311.75
2026,176004.80487804877
2027,162944.74509803922
2028,141958.45238095237
2029,176004.80487804877
2030,321961.0
2031,202975.65789473685
2032,203490.42372881356
2033,321961.0
2034,162944.74509803922
2035,202975.65789473685
2036,176004.80487804877
2037,176004.80487804877
2038,321961.0
2039,176004.80487804877
2040,443311.75
2041,264916.0961538461
2042,203490.42372881356
2043,134821.18333333332
2044,171375.0
2045,234968.22641509434
2046,143700.0
2047,141958.45238095237
2048,141958.45238095237
2049,143700.0
2050,134821.18333333332
2051,89195.11111111111
2052,141958.45238095237
2053,126156.9587628866
2054,89195.11111111111
2055,134821.18333333332
2056,126156.9587628866
2057,117451.41573033707
2058,236607.14285714287
2059,156550.50505050505
2060,185038.23529411765
2061,156550.50505050505
2062,126156.9587628866
2063,89195.11111111111
2064,134821.18333333332
2065,117451.41573033707
2066,156550.50505050505
2067,126156.9587628866
2068,143700.0
2069,89195.11111111111
2070,117451.41573033707
2071,125102.7
2072,156550.50505050505
2073,141958.45238095237
2074,162287.8205128205
2075,126156.9587628866
2076,117451.41573033707
2077,134821.18333333332
2078,126156.9587628866
2079,141958.45238095237
2080,126156.9587628866
2081,117451.41573033707
2082,143700.0
2083,134821.18333333332
2084,89195.11111111111
2085,117451.41573033707
2086,125102.7
2087,117451.41573033707
2088,117451.41573033707
2089,89195.11111111111
2090,126156.9587628866
2091,134821.18333333332
2092,134821.18333333332
2093,156550.50505050505
2094,126156.9587628866
2095,156550.50505050505
2096,89195.11111111111
2097,117451.41573033707
2098,156550.50505050505
2099,89195.11111111111
2100,126156.9587628866
2101,134821.18333333332
2102,117451.41573033707
2103,89195.11111111111
2104,143700.0
2105,126156.9587628866
2106,85962.5
2107,234968.22641509434
2108,126156.9587628866
2109,117451.41573033707
2110,117451.41573033707
2111,162287.8205128205
2112,156550.50505050505
2113,117451.41573033707
2114,126156.9587628866
2115,185038.23529411765
2116,117451.41573033707
2117,162287.8205128205
2118,126156.9587628866
2119,117451.41573033707
2120,126156.9587628866
2121,89195.11111111111
2122,126156.9587628866
2123,89195.11111111111
2124,156550.50505050505
2125,134821.18333333332
2126,134821.18333333332
2127,236607.14285714287
2128,162287.8205128205
2129,89195.11111111111
2130,134821.18333333332
2131,156550.50505050505
2132,141958.45238095237
2133,117451.41573033707
2134,126156.9587628866
2135,125102.7
2136,126156.9587628866
2137,117451.41573033707
2138,141958.45238095237
2139,141958.45238095237
2140,126156.9587628866
2141,125102.7
2142,117451.41573033707
2143,141958.45238095237
2144,134821.18333333332
2145,126156.9587628866
2146,141958.45238095237
2147,156550.50505050505
2148,162944.74509803922
2149,117451.41573033707
2150,234968.22641509434
2151,89195.11111111111
2152,236607.14285714287
2153,171375.0
2154,126156.9587628866
2155,126156.9587628866
2156,171375.0
2157,311893.45454545453
2158,234968.22641509434
2159,203490.42372881356
2160,162944.74509803922
2161,264916.0961538461
2162,443311.75
2163,321961.0
2164,249933.0
2165,156550.50505050505
2166,141958.45238095237
2167,230854.55
2168,202975.65789473685
2169,176004.80487804877
2170,230854.55
2171,141958.45238095237
2172,141958.45238095237
2173,134821.18333333332
2174,234968.22641509434
2175,321961.0
2176,264916.0961538461
2177,234968.22641509434
2178,202975.65789473685
2179,141958.45238095237
2180,143700.0
2181,203490.42372881356
2182,234968.22641509434
2183,203490.42372881356
2184,117451.41573033707
2185,125102.7
2186,156550.50505050505
2187,141958.45238095237
2188,141958.45238095237
2189,236607.14285714287
2190,89195.11111111111
2191,89195.11111111111
2192,89195.11111111111
2193,89195.11111111111
2194,89195.11111111111
2195,117451.41573033707
2196,89195.11111111111
2197,126156.9587628866
2198,185038.23529411765
2199,185038.23529411765
2200,126156.9587628866
2201,117451.41573033707
2202,162287.8205128205
2203,156550.50505050505
2204,156550.50505050505
2205,134821.18333333332
2206,126156.9587628866
2207,156550.50505050505
2208,185038.23529411765
2209,209409.375
2210,125102.7
2211,126156.9587628866
2212,117451.41573033707
2213,117451.41573033707
2214,156550.50505050505
2215,89195.11111111111
2216,171375.0
2217,89195.11111111111
2218,89195.11111111111
2219,89195.11111111111
2220,89195.11111111111
2221,382451.0
2222,311893.45454545453
2223,234968.22641509434
2224,249933.0
2225,162944.74509803922
2226,171375.0
2227,203490.42372881356
2228,264916.0961538461
2229,230854.55
2230,162944.74509803922
2231,202975.65789473685
2232,203490.42372881356
2233,202975.65789473685
2234,203490.42372881356
2235,171375.0
2236,326774.8214285714
2237,394617.0
2238,249933.0
2239,117451.41573033707
2240,176004.80487804877
2241,134821.18333333332
2242,117451.41573033707
2243,126156.9587628866
2244,89195.11111111111
2245,89195.11111111111
2246,134821.18333333332
2247,89195.11111111111
2248,125102.7
2249,117451.41573033707
2250,117451.41573033707
2251,134821.18333333332
2252,171375.0
2253,162944.74509803922
2254,162944.74509803922
2255,176004.80487804877
2256,176004.80487804877
2257,171375.0
2258,176004.80487804877
2259,176004.80487804877
2260,156550.50505050505
2261,176004.80487804877
2262,176004.80487804877
2263,326774.8214285714
2264,443311.75
2265,134821.18333333332
2266,321961.0
2267,398477.0
2268,326774.8214285714
2269,176004.80487804877
2270,162944.74509803922
2271,249305.7142857143
2272,230854.55
2273,176004.80487804877
2274,176004.80487804877
2275,156550.50505050505
2276,156550.50505050505
2277,156550.50505050505
2278,134821.18333333332
2279,117451.41573033707
2280,117451.41573033707
2281,176004.80487804877
2282,203490.42372881356
2283,89195.11111111111
2284,126156.9587628866
2285,126156.9587628866
2286,126156.9587628866
2287,326774.8214285714
2288,264916.0961538461
2289,398477.0
2290,443311.75
2291,326774.8214285714
2292,443311.75
2293,443311.75
2294,363889.3333333333
2295,443311.75
2296,326774.8214285714
2297,264916.0961538461
2298,326774.8214285714
2299,398477.0
2300,326774.8214285714
2301,249933.0
2302,249305.7142857143
2303,264916.0961538461
2304,264916.0961538461
2305,202975.65789473685
2306,202975.65789473685
2307,203490.42372881356
2308,264916.0961538461
2309,321961.0
2310,202975.65789473685
2311,203490.42372881356
2312,202975.65789473685
2313,176004.80487804877
2314,141958.45238095237
2315,162944.74509803922
2316,176004.80487804877
2317,176004.80487804877
2318,176004.80487804877
2319,162944.74509803922
2320,176004.80487804877
2321,230854.55
2322,176004.80487804877
2323,162944.74509803922
2324,162944.74509803922
2325,234968.22641509434
2326,162944.74509803922
2327,203490.42372881356
2328,230854.55
2329,176004.80487804877
2330,176004.80487804877
2331,284710.3333333333
2332,443311.75
2333,398477.0
2334,234968.22641509434
2335,264916.0961538461
2336,290000.0
2337,203490.42372881356
2338,264916.0961538461
2339,264916.0961538461
2340,443311.75
2341,234968.22641509434
2342,264916.0961538461
2343,203490.42372881356
2344,203490.42372881356
2345,264916.0961538461
2346,202975.65789473685
2347,202975.65789473685
2348,203490.42372881356
2349,202975.65789473685
2350,249933.0
2351,264916.0961538461
2352,264916.0961538461
2353,171375.0
2354,126156.9587628866
2355,176004.80487804877
2356,141958.45238095237
2357,203490.42372881356
2358,176004.80487804877
2359,126156.9587628866
2360,126156.9587628866
2361,162944.74509803922
2362,234968.22641509434
2363,141958.45238095237
2364,141958.45238095237
2365,203490.42372881356
2366,176004.80487804877
2367,264916.0961538461
2368,203490.42372881356
2369,264916.0961538461
2370,176004.80487804877
2371,176004.80487804877
2372,203490.42372881356
2373,264916.0961538461
2374,264916.0961538461
2375,230854.55
2376,249305.7142857143
2377,329466.6666666667
2378,162944.74509803922
2379,171375.0
2380,141958.45238095237
2381,134821.18333333332
2382,185038.23529411765
2383,234968.22641509434
2384,234968.22641509434
2385,162944.74509803922
2386,126156.9587628866
2387,126156.9587628866
2388,89195.11111111111
2389,117451.41573033707
2390,141958.45238095237
2391,117451.41573033707
2392,117451.41573033707
2393,156550.50505050505
2394,141958.45238095237
2395,185038.23529411765
2396,156550.50505050505
2397,236607.14285714287
2398,117451.41573033707
2399,89195.11111111111
2400,89195.11111111111
2401,89195.11111111111
2402,126156.9587628866
2403,143700.0
2404,162944.74509803922
2405,156550.50505050505
2406,126156.9587628866
2407,126156.9587628866
2408,141958.45238095237
2409,156550.50505050505
2410,171375.0
2411,126156.9587628866
2412,156550.50505050505
2413,134821.18333333332
2414,126156.9587628866
2415,143700.0
2416,117451.41573033707
2417,126156.9587628866
2418,126156.9587628866
2419,134821.18333333332
2420,126156.9587628866
2421,156550.50505050505
2422,117451.41573033707
2423,162287.8205128205
2424,156550.50505050505
2425,209409.375
2426,162287.8205128205
2427,162287.8205128205
2428,156550.50505050505
2429,126156.9587628866
2430,126156.9587628866
2431,126156.9587628866
2432,126156.9587628866
2433,156550.50505050505
2434,134821.18333333332
2435,156550.50505050505
2436,89195.11111111111
2437,117451.41573033707
2438,126156.9587628866
2439,117451.41573033707
2440,117451.41573033707
2441,126156.9587628866
2442,117451.41573033707
2443,117451.41573033707
2444,117451.41573033707
2445,117451.41573033707
2446,185038.23529411765
2447,162287.8205128205
2448,156550.50505050505
2449,117451.41573033707
2450,162287.8205128205
2451,126156.9587628866
2452,234968.22641509434
2453,89195.11111111111
2454,89195.11111111111
2455,126156.9587628866
2456,134821.18333333332
2457,126156.9587628866
2458,126156.9587628866
2459,117451.41573033707
2460,156550.50505050505
2461,126156.9587628866
2462,162287.8205128205
2463,141958.45238095237
2464,236607.14285714287
2465,117451.41573033707
2466,117451.41573033707
2467,162944.74509803922
2468,126156.9587628866
2469,85962.5
2470,209409.375
2471,185038.23529411765
2472,171375.0
2473,162944.74509803922
2474,126156.9587628866
2475,234968.22641509434
2476,126156.9587628866
2477,126156.9587628866
2478,156550.50505050505
2479,141958.45238095237
2480,162944.74509803922
2481,126156.9587628866
2482,125102.7
2483,117451.41573033707
2484,141958.45238095237
2485,126156.9587628866
2486,156550.50505050505
2487,209409.375
2488,126156.9587628866
2489,156550.50505050505
2490,156550.50505050505
2491,89195.11111111111
2492,230854.55
2493,141958.45238095237
2494,156550.50505050505
2495,117451.41573033707
2496,236607.14285714287
2497,134821.18333333332
2498,126156.9587628866
2499,89195.11111111111
2500,126156.9587628866
2501,134821.18333333332
2502,156550.50505050505
2503,134821.18333333332
2504,203490.42372881356
2505,230854.55
2506,264916.0961538461
2507,329466.6666666667
2508,264916.0961538461
2509,234968.22641509434
2510,203490.42372881356
2511,176004.80487804877
2512,202975.65789473685
2513,230854.55
2514,156550.50505050505
2515,141958.45238095237
2516,162944.74509803922
2517,126156.9587628866
2518,126156.9587628866
2519,203490.42372881356
2520,176004.80487804877
2521,176004.80487804877
2522,230854.55
2523,117451.41573033707
2524,141958.45238095237
2525,141958.45238095237
2526,141958.45238095237
2527,126156.9587628866
2528,117451.41573033707
2529,141958.45238095237
2530,125102.7
2531,311893.45454545453
2532,230854.55
2533,202975.65789473685
2534,264916.0961538461
2535,398477.0
2536,230854.55
2537,176004.80487804877
2538,162944.74509803922
2539,202975.65789473685
2540,176004.80487804877
2541,162944.74509803922
2542,176004.80487804877
2543,126156.9587628866
2544,117451.41573033707
2545,156550.50505050505
2546,134821.18333333332
2547,141958.45238095237
2548,162944.74509803922
2549,162944.74509803922
2550,254875.0
2551,125102.7
2552,126156.9587628866
2553,89195.11111111111
2554,134821.18333333332
2555,89195.11111111111
2556,89195.11111111111
2557,141958.45238095237
2558,143700.0
2559,134821.18333333332
2560,126156.9587628866
2561,89195.11111111111
2562,117451.41573033707
2563,117451.41573033707
2564,162287.8205128205
2565,89195.11111111111
2566,156550.50505050505
2567,141958.45238095237
2568,209409.375
2569,156550.50505050505
2570,125102.7
2571,209409.375
2572,141958.45238095237
2573,234968.22641509434
2574,264916.0961538461
2575,117451.41573033707
2576,162287.8205128205
2577,134821.18333333332
2578,89195.11111111111
2579,89195.11111111111
2580,134821.18333333332
2581,141958.45238095237
2582,117451.41573033707
2583,264916.0961538461
2584,176004.80487804877
2585,203490.42372881356
2586,230854.55
2587,230854.55
2588,126156.9587628866
2589,141958.45238095237
2590,203490.42372881356
2591,232885.55555555556
2592,234968.22641509434
2593,264916.0961538461
2594,176004.80487804877
2595,176004.80487804877
2596,326774.8214285714
2597,203490.42372881356
2598,234968.22641509434
2599,326774.8214285714
2600,117451.41573033707
2601,162944.74509803922
2602,89195.11111111111
2603,89195.11111111111
2604,89195.11111111111
2605,125102.7
2606,141958.45238095237
2607,156550.50505050505
2608,156550.50505050505
2609,162944.74509803922
2610,89195.11111111111
2611,209409.375
2612,134821.18333333332
2613,125102.7
2614,126156.9587628866
2615,134821.18333333332
2616,126156.9587628866
2617,171375.0
2618,209409.375
2619,234968.22641509434
2620,176004.80487804877
2621,176004.80487804877
2622,176004.80487804877
2623,264916.0961538461
2624,234968.22641509434
2625,329466.6666666667
2626,176004.80487804877
2627,176004.80487804877
2628,468753.6666666667
2629,690000.0
2630,321961.0
2631,583723.6666666666
2632,443311.75
2633,321961.0
2634,443311.75
2635,141958.45238095237
2636,156550.50505050505
2637,141958.45238095237
2638,234968.22641509434
2639,156550.50505050505
2640,141958.45238095237
2641,141958.45238095237
2642,203490.42372881356
2643,89195.11111111111
2644,141958.45238095237
2645,89195.11111111111
2646,89195.11111111111
2647,89195.11111111111
2648,162944.74509803922
2649,162287.8205128205
2650,126156.9587628866
2651,156550.50505050505
2652,583723.6666666666
2653,264916.0961538461
2654,234968.22641509434
2655,326774.8214285714
2656,321961.0
2657,326774.8214285714
2658,264916.0961538461
2659,264916.0961538461
2660,329466.6666666667
2661,321961.0
2662,321961.0
2663,264916.0961538461
2664,321961.0
2665,321961.0
2666,321961.0
2667,162944.74509803922
2668,162944.74509803922
2669,176004.80487804877
2670,264916.0961538461
2671,162944.74509803922
2672,176004.80487804877
2673,230854.55
2674,230854.55
2675,176004.80487804877
2676,176004.80487804877
2677,230854.55
2678,234968.22641509434
2679,264916.0961538461
2680,264916.0961538461
2681,443311.75
2682,398477.0
2683,468753.6666666667
2684,326774.8214285714
2685,398477.0
2686,264916.0961538461
2687,264916.0961538461
2688,264916.0961538461
2689,202975.65789473685
2690,583723.6666666666
2691,202975.65789473685
2692,176004.80487804877
2693,203490.42372881356
2694,176004.80487804877
2695,176004.80487804877
2696,176004.80487804877
2697,249933.0
2698,176004.80487804877
2699,203490.42372881356
2700,176004.80487804877
2701,162944.74509803922
2702,141958.45238095237
2703,125102.7
2704,117451.41573033707
2705,117451.41573033707
2706,117451.41573033707
2707,141958.45238095237
2708,126156.9587628866
2709,117451.41573033707
2710,117451.41573033707
2711,311893.45454545453
2712,398477.0
2713,202975.65789473685
2714,162944.74509803922
2715,176004.80487804877
2716,125102.7
2717,176004.80487804877
2718,264916.0961538461
2719,134821.18333333332
2720,134821.18333333332
2721,141958.45238095237
2722,134821.18333333332
2723,141958.45238095237
2724,126156.9587628866
2725,126156.9587628866
2726,162287.8205128205
2727,185038.23529411765
2728,156550.50505050505
2729,141958.45238095237
2730,162287.8205128205
2731,89195.11111111111
2732,117451.41573033707
2733,156550.50505050505
2734,171375.0
2735,134821.18333333332
2736,156550.50505050505
2737,117451.41573033707
2738,143700.0
2739,156550.50505050505
2740,117451.41573033707
2741,156550.50505050505
2742,156550.50505050505
2743,156550.50505050505
2744,156550.50505050505
2745,126156.9587628866
2746,126156.9587628866
2747,141958.45238095237
2748,125102.7
2749,117451.41573033707
2750,126156.9587628866
2751,126156.9587628866
2752,156550.50505050505
2753,134821.18333333332
2754,209409.375
2755,141958.45238095237
2756,89195.11111111111
2757,89195.11111111111
2758,89195.11111111111
2759,162287.8205128205
2760,156550.50505050505
2761,126156.9587628866
2762,134821.18333333332
2763,171375.0
2764,89195.11111111111
2765,234968.22641509434
2766,134821.18333333332
2767,89195.11111111111
2768,143700.0
2769,134821.18333333332
2770,141958.45238095237
2771,126156.9587628866
2772,126156.9587628866
2773,185038.23529411765
2774,134821.18333333332
2775,156550.50505050505
2776,141958.45238095237
2777,141958.45238095237
2778,89195.11111111111
2779,134821.18333333332
2780,117451.41573033707
2781,117451.41573033707
2782,89195.11111111111
2783,117451.41573033707
2784,141958.45238095237
2785,162287.8205128205
2786,89195.11111111111
2787,126156.9587628866
2788,89195.11111111111
2789,234968.22641509434
2790,126156.9587628866
2791,117451.41573033707
2792,85962.5
2793,185038.23529411765
2794,126156.9587628866
2795,117451.41573033707
2796,89195.11111111111
2797,209409.375
2798,141958.45238095237
2799,117451.41573033707
2800,89195.11111111111
2801,117451.41573033707
2802,126156.9587628866
2803,143700.0
2804,89195.11111111111
2805,89195.11111111111
2806,85962.5
2807,126156.9587628866
2808,141958.45238095237
2809,126156.9587628866
2810,126156.9587628866
2811,156550.50505050505
2812,141958.45238095237
2813,143700.0
2814,143700.0
2815,117451.41573033707
2816,234968.22641509434
2817,141958.45238095237
2818,89195.11111111111
2819,126156.9587628866
2820,156550.50505050505
2821,117451.41573033707
2822,232885.55555555556
2823,236607.14285714287
2824,171375.0
2825,125102.7
2826,126156.9587628866
2827,134821.18333333332
2828,171375.0
2829,249933.0
2830,234968.22641509434
2831,202975.65789473685
2832,209409.375
2833,264916.0961538461
2834,203490.42372881356
2835,234968.22641509434
2836,202975.65789473685
2837,156550.50505050505
2838,141958.45238095237
2839,176004.80487804877
2840,203490.42372881356
2841,176004.80487804877
2842,230854.55
2843,126156.9587628866
2844,134821.18333333332
2845,117451.41573033707
2846,202975.65789473685
2847,176004.80487804877
2848,203490.42372881356
2849,203490.42372881356
2850,264916.0961538461
2851,234968.22641509434
2852,230854.55
2853,230854.55
2854,141958.45238095237
2855,203490.42372881356
2856,202975.65789473685
2857,202975.65789473685
2858,176004.80487804877
2859,162944.74509803922
2860,126156.9587628866
2861,134821.18333333332
2862,202975.65789473685
2863,126156.9587628866
2864,234968.22641509434
2865,125102.7
2866,176004.80487804877
2867,89195.11111111111
2868,141958.45238095237
2869,134821.18333333332
2870,156550.50505050505
2871,85962.5
2872,89195.11111111111
2873,117451.41573033707
2874,134821.18333333332
2875,126156.9587628866
2876,126156.9587628866
2877,162287.8205128205
2878,162287.8205128205
2879,156550.50505050505
2880,85962.5
2881,156550.50505050505
2882,156550.50505050505
2883,185038.23529411765
2884,162287.8205128205
2885,162287.8205128205
2886,236607.14285714287
2887,126156.9587628866
2888,141958.45238095237
2889,89195.11111111111
2890,89195.11111111111
2891,134821.18333333332
2892,89195.11111111111
2893,126156.9587628866
2894,89195.11111111111
2895,264916.0961538461
2896,264916.0961538461
2897,209409.375
2898,143700.0
2899,203490.42372881356
2900,134821.18333333332
2901,209409.375
2902,230854.55
2903,326774.8214285714
2904,326774.8214285714
2905,89195.11111111111
2906,202975.65789473685
2907,125102.7
2908,126156.9587628866
2909,143700.0
2910,89195.11111111111
2911,89195.11111111111
2912,156550.50505050505
2913,89195.11111111111
2914,89195.11111111111
2915,89195.11111111111
2916,89195.11111111111
2917,162287.8205128205
2918,126156.9587628866
2919,230854.55
